y,Voxel Count,Gray Levels,Energy,Entropy,Maximum Intensity,Mean Intensity,Median Intensity,Range,Mean Deviation,Root Mean Square,Standard Deviation,Skewness,Kurtosis,Variance,Uniformity,Volume mm^3,Volume cc,Surface Area mm^2,Surface:Volume Ratio,Compactness 1,Compactness 2,Maximum 3D Diameter,Spherical Disproportion,Sphericity,Autocorrelation,Cluster Prominence,Cluster Shade,Cluster Tendency,Contrast,Correlation,Difference Entropy,Dissimilarity,Energy (GLCM),Entropy(GLCM),Homogeneity 1,Homogeneity 2,IMC1,IDMN,IDN,Inverse Variance,Maximum Probability,Sum Average,Sum Entropy,Sum Variance,Variance (GLCM),SRE,LRE,GLN,RLN,RP,LGLRE,HGLRE,SRLGLE,SRHGLE,LRLGLE,LRHGLE,Extruded Surface Area,Extruded Volume,Extruded Surface:Volume Ratio,Box-Counting Dimension,Correlation Dimension
0,39678,243,246559389,331369.488,232,72.97961087,74,282,23.17412284,78.8289287,29.79905842,-0.235803728,0.712354456,887.9838829,15596562,29519.81645,29.51981645,11385.82138,0.385700955,32.90756936,0.0667708,69.81484662,3.96E-06,0.405691143,567825383.8,2.40E+12,-18047117522,173995703.3,39987633.38,-22853.87348,327321.1506,943497.2308,181567.0769,-597343.853,3298.45157,1404.918193,-1.763368646,36185.07692,36185.07692,1452.889799,17.69230769,8981572.615,-273181.0757,1.38E+14,582325617.8,0.930175987,5.292048228,345.5370345,30596.71744,0.905845906,0.000308983,16019.79895,0.000285529,15025.82084,0.001767586,76244.90201,3181683.443,2168010.224,1.467559243,2.483674866,-87.71097764
0,98831,285,565740606,942408.7374,246,68.24474102,68,296,25.1621137,75.65712128,32.66464026,0.114003703,0.914380893,1066.978723,89349697,57729.74942,57.72974942,19691.87558,0.34110447,44.66493237,0.049361741,95.28917766,1.79E-06,0.366828855,1363214498,2.63E+15,-6.20E+12,14891830227,93621645.54,-41059.97323,952174.3573,2250914.154,957814.3077,-1722656.713,8823.153875,3849.876942,-1.690082977,91167.84615,91167.84615,4004.118312,35,21911949.54,-789339.4883,1.50E+15,1385528514,0.937781526,8.385175108,766.565151,75508.79552,0.88133745,0.000335922,15354.58188,0.000315462,14514.28652,0.002688591,109318.2185,NA,NA,NA,NA,NA
0,34168,213,93225523,274633.3986,172,41.55505151,41,222,25.26391399,52.23025943,31.64842983,0.055130549,-0.021636377,1001.623111,10431278,27387.79726,27.38779726,10863.79752,0.396665618,31.50124556,0.066163976,69.06963313,4.40E-06,0.404458405,281788194,1.01E+13,-63416599191,434483423.8,43677299.77,-34907.26218,270524.4219,924285.3077,115091.6923,-494942.2442,2571.167174,1058.129006,-1.801482508,31227.38462,31227.38462,1091.028171,13.76923077,5840167.462,-226318.7417,3.98E+13,299619022.9,0.92768137,8.024241035,275.4081108,26555.72441,0.915107253,0.000632068,9638.51002,0.000565449,9064.365572,0.00794169,65795.11729,2719045.357,1212184.965,2.243094442,2.436321518,-84.04137591
0,26071,242,113079248,200787.9745,239,58.28038817,58,289,23.96025881,65.8559033,30.67171137,0.109053467,0.61733258,940.7538784,6487113,18426.7652,18.4267652,7893.633585,0.428378693,26.22343165,0.078076383,74.26154154,7.05E-06,0.427405293,282722008.2,7.58E+11,4169696420,71646406.67,22454981.23,-21108.69058,201417.7519,571792.6154,84468.07692,-358351.0052,2252.616872,969.0253262,-1.800140539,23591.76923,23591.76923,1019.06583,13.76923077,5075135.077,-161117.6114,2.43E+13,291907403.1,0.918800109,9.856511593,222.4665144,19882.34929,0.914290267,0.00021444,12511.43109,0.000187562,11500.27092,0.004423668,123937.7486,1912448.375,1087240.638,1.758992728,2.366131549,-82.18969029
0,12628,264,170351627,81492.9185,246,110.5726164,111,296,28.02892632,116.1421543,35.54840554,-0.240266471,0.547608908,1263.689136,1303634,7803.863525,7.803863525,3900.036621,0.499757153,17.77006185,0.116108937,37.47932373,1.94E-05,0.487852517,241101173.2,2.97E+13,1.20E+11,508119294.1,13562083.08,53046.05461,81957.71926,301587.2308,21615.23077,-141543.2311,1006.659545,425.9970333,-1.885744185,11202.76923,11202.76923,442.4779222,7.384615385,3241331.538,-62071.77163,3.25E+12,247360848.5,0.925666853,3.274478946,95.57598157,9958.676744,0.939006116,0.00029743,21575.247,0.000289972,20276.42119,0.000623605,59544.44356,1044303.662,864248.2224,1.208337645,2.184156191,-74.13163219
0,7741,191,28881014,47377.83617,186,54.38883865,56,236,21.64772889,61.07372594,27.79872942,-0.391289046,0.668199937,772.7693574,643701,4704.397779,4.704397779,3378.536299,0.718165525,11.78808812,0.06490448,28.58954708,4.63E-05,0.401875527,74237542.15,4.33E+12,24663714551,147305675.7,6387519.769,26330.05176,42909.54685,160066.6923,11731.07692,-76071.72569,602.8490935,256.797238,-1.890905991,6451.230769,6451.230769,264.1010021,7,1369881.154,-33689.07938,7.03E+11,77188241.23,0.902717294,3.172344594,76.91061482,5740.868785,0.937614898,0.000433908,11892.2187,0.000403778,10761.34519,0.001396671,37885.15125,559430.093,261653.4874,2.138057087,2.056118664,-68.9974977
0,16172,244,137575804,110786.1407,243,85.64395251,85,281,27.1509952,92.23339959,34.23668354,0.051128925,0.148425199,1172.1505,2189900,9718.295086,9.718295086,4489.07222,0.461919728,20.14856329,0.118076307,40.9807494,1.44E-05,0.490592517,207715285,6.76E+12,38724208972,242611495.4,23542713.23,-887.235875,108468.595,462512,30345.61538,-194935.3587,1135.996584,459.8698163,-1.87694393,14531.92308,14531.92308,477.518261,8.230769231,3432630.308,-87630.12864,5.38E+12,218648675.3,0.936862585,5.189940754,124.8450341,13141.63129,0.93722293,0.000210596,15046.32033,0.00017645,14173.79972,0.003585493,69616.36073,1396747.311,833648.4768,1.67546316,2.253604835,-76.92324686
0,57021,239,221579156,503808.2274,241,54.38329738,54,291,23.79952481,62.32976817,30.46931119,-0.001700744,0.511920078,928.3789245,31209785,35237.89215,35.23789215,16199.17603,0.459708996,31.05320063,0.033036455,88.9421473,3.96E-06,0.320871502,597931093.8,1.60E+14,-6.35E+11,2619295114,51660695.62,-32970.95799,496269.8751,1265592.077,344308.1538,-898803.6846,4962.582318,2158.582351,-1.731703388,51514.61538,51514.61538,2251.63989,23.46153846,10916170.23,-410422.4494,2.39E+14,613951228.7,0.921983517,8.84508407,479.30625,42957.7743,0.900183873,0.000574263,12100.11113,0.000544096,11186.07702,0.002842729,105082.7079,3666562.976,1957798.279,1.872799162,NA,NA
0,12597,203,38429453,84875.49266,184,47.05032944,48,234,22.6998212,55.22680509,28.93007846,-0.043690802,0.328911216,836.9494396,1600657,8903.454461,8.903454461,4582.940352,0.514737327,18.20626258,0.093140131,37.90245669,1.75E-05,0.453292932,114281047.2,2.14E+12,14779708013,113953304.7,8791438.846,-3083.763618,84782.15893,245934.2308,26627.23077,-147292.0266,1144.517068,505.2859684,-1.852840837,11160.46154,11160.46154,531.4564285,9,2213795.769,-64894.09383,2.30E+12,118077355.9,0.937595973,2.612068608,115.5074464,10027.24897,0.922295296,0.000347474,10488.79777,0.000311377,9877.981237,0.000939665,26161.53362,821291.234,432797.508,1.897633925,2.175010504,-71.02978787
0,16848,219,62852764,116805.298,204,50.77647198,51,254,26.73999912,61.07372594,33.9459431,-0.147914324,0.197667769,1152.327053,2427928,10761.7006,10.7617006,7290.703004,0.677467556,16.14828346,0.033799164,59.97507897,1.91E-05,0.323322048,161037866.2,2.40E+12,16285648461,127789699.7,16503451.69,-11464.91923,110769.591,378290.4615,33036.15385,-193958.6672,1320.145294,566.7315883,-1.860401171,14380.92308,14380.92308,588.5254511,8.769230769,2972955.692,-85833.70844,3.93E+12,168397845.2,0.890393205,7.564485704,133.6161781,12229.75886,0.936595989,0.001027097,11549.34962,0.0008741,10408.27169,0.015674968,74543.63483,1195325.745,574403.2145,2.080987213,2.266550296,-75.346539
0,29435,233,137134391,229741.356,197,60.2812638,60,246,25.30059789,68.24954212,32.01652708,0.049315248,0.17389872,1025.058006,7763631,19111.14554,19.11114554,7895.847107,0.413154046,27.19230128,0.083913072,59.81040453,6.56E-06,0.43780079,342297980.7,7.67E+11,-1586816115,82241781.52,27183167.08,-25264.77107,231632.4754,669092.3077,96007.15385,-410560.7327,2491.118711,1062.120235,-1.802121577,26711.46154,26711.46154,1110.748496,13.84615385,5930907.385,-184391.6058,2.99E+13,352975536.4,0.934653055,5.029024195,235.8862311,23134.09209,0.912900655,0.000305106,13249.76688,0.000279402,12431.45607,0.001095747,65193.73889,2003048.174,1166932.974,1.716506618,2.3962204,-82.18753583
0,5918,187,22369318,33288.30494,149,53.81311254,56,195,23.61638803,61.47357156,29.73259017,-0.254228997,0.094736849,884.0269183,342350,4292.146509,4.292146509,2670.822161,0.622257921,12.57968078,0.109362023,33.50062663,4.40E-05,0.478213881,53449477,4.02E+12,21694345589,123393068.5,5283647.538,44164.29375,31528.97273,128897.2308,7764.615385,-54720.52179,459.3275843,194.1625449,-1.916896115,5038.307692,5038.307692,207.1645566,5.692307692,1021969.692,-23793.59268,2.40E+11,55943748.14,0.903130967,5.39129496,53.96647842,4467.429367,0.942522162,0.000705313,10864.19919,0.000427989,10040.52025,0.01628238,47985.78305,464499.6119,236163.7936,1.966853618,1.992753965,-64.28681604
0,27306,231,123107833,209869.2941,198,58.75430308,59,286,25.25152378,67.14164133,32.50208351,-0.11660733,0.448347112,1056.385432,6778102,15318.51166,15.31851166,7862.078003,0.513240331,21.85831782,0.054610163,63.9551104,1.02E-05,0.37939461,317435050.8,7.95E+11,1799068186,77327536.59,24274503.92,-22184.09611,211236.9137,598582.2308,87406.46154,-372515.8064,2383.339312,1035.142235,-1.804231088,24604.61538,24604.61538,1080.718092,13.92307692,5477708.846,-166784.289,2.59E+13,327050308.8,0.916715409,5.867370163,224.1327005,20765.06295,0.920868336,0.000347025,13379.40795,0.000321347,12243.39195,0.003637458,76347.17418,1688178.447,921180.208,1.832625617,2.393281039,-81.73934456
0,10604,209,65471495,69620.88932,188,73.55780837,74,236,21.60431768,78.57480512,27.63105251,-0.108816386,0.650312685,763.4750626,1201822,6553.070068,6.553070068,3753.918457,0.57284882,15.30664414,0.091809473,42.31173836,2.65E-05,0.451123895,118408090,5.21E+12,30187417412,186704546.9,7777854.154,12923.96089,67643.77022,210258.3077,20659.53846,-118835.1181,935.3927313,411.4964642,-1.861156569,9275.692308,9275.692308,423.1866559,8.615384615,2070719.385,-52552.61932,1.98E+12,121857131.6,0.905015521,5.069439603,103.5126225,7926.713768,0.930846125,0.000283637,13007.12778,0.000233413,11871.99598,0.004709446,61719.08425,754853.9063,483649.8184,1.560744732,2.160378642,-72.79927875
0,701,152,5638729,1781.748359,184,82.50356633,82,216,28.27033319,89.68277427,35.17097512,-0.228600914,0.129729985,1236.997491,4763,433.2046509,0.433204651,560.6323242,1.294151213,3.594728416,0.120449276,21.22370271,0.000906552,0.493857209,3981426,6.23E+11,3013273491,15399559.04,664218.6923,571387.8194,1560.868827,14349.46154,537.8461538,-2286.583181,45.83569698,19.26161844,-1.995137185,518.3076923,518.3076923,20.1278951,2.153846154,88346.07692,-846.0733184,153645668.8,4311537.075,0.878228899,3.724894158,6.402395361,494.0398727,0.941292659,0.001930405,7709.156489,0.001484912,7103.166469,0.01995476,21485.90037,73864.48975,35993.06488,2.05218672,1.765032234,-25.00683113
0,9982,266,124593132,60728.87283,249,105.5640152,106,297,28.28128624,111.718396,36.57894331,-0.031771359,0.756197214,1338.019094,819578,6032.357296,6.032357296,3192.855812,0.529288246,15.69612985,0.126441188,35.6836518,2.66E-05,0.501914246,173465919.8,2.60E+13,1.02E+11,420453078.9,12652132.15,69855.61327,60567.2949,260502.6154,15009.92308,-105204.2963,748.1495945,313.1833033,-1.909018703,8848.076923,8848.076923,320.9543873,6.538461538,2442383.538,-46054.12911,1.56E+12,179486334.6,0.917918359,4.234167298,76.31181293,7775.040081,0.94361389,0.000245858,20263.67392,0.00023683,18633.93889,0.000575883,78715.8676,908759.3701,637973.4537,1.424446997,2.128201236,-71.74286367
0,22540,191,103928975,175438.3055,185,63.16029281,63,234,19.64385979,67.89698079,24.93282711,-0.024520586,0.331678496,621.6458679,5885984,14240.56933,14.24056933,6354.048796,0.446193452,23.41991885,0.08940369,52.29887752,9.51E-06,0.447148537,192378850,3.12E+11,-2364478599,44825235.99,12733959.31,-15487.52478,173576.5694,397089.7692,85140.30769,-308257.4908,2245.397075,1018.495781,-1.774333332,20165.53846,20165.53846,1066.696994,15.07692308,3879335.923,-138506.1252,1.64E+13,196604866.2,0.917833781,8.304414333,230.9585054,16898.29633,0.905142994,0.000287486,9691.112649,0.000246575,8986.442951,0.013552191,68728.95044,1339135.487,901555.0289,1.485361896,2.332541296,-79.31875008
0,24725,236,135090523,188610.1763,223,67.28327604,68,273,23.79266167,73.91210997,30.60527122,-0.083443152,0.602262468,936.6826263,5894693,18302.00063,18.30200063,7436.443358,0.406318605,27.10275546,0.092119948,55.12068379,6.74E-06,0.451631849,324841971.8,1.31E+12,9906351999,104807405.5,23219914.92,-15158.45403,189819.4492,562893.3846,78321,-339522.9684,2133.760343,917.9787324,-1.806430194,22544.84615,22544.84615,954.3541654,13.30769231,5341363.077,-152914.7677,2.64E+13,334292530.7,0.928045799,5.069814482,213.3540915,19240.46842,0.916916855,0.00020547,14709.91442,0.00019222,13796.42759,0.000875268,63655.32449,1884922.344,1242330.92,1.517246584,2.34808285,-81.72425344
0,14110,267,79856698,93471.97468,249,66.37080085,66,299,27.47087044,75.22632518,35.41890046,0.257281611,0.876205264,1254.49851,1673862,9972.830233,9.972830233,5769.990658,0.57857103,17.49014526,0.058554988,49.96557977,1.76E-05,0.388318396,178513155.8,1.18E+13,56074554864,296230019.5,13919932,9513.567568,92598.70897,321700.1538,25696.84615,-159576.0184,1138.718181,489.4732788,-1.875536277,12351.92308,12351.92308,506.4083175,8.076923077,2903057.846,-69981.24769,2.84E+12,184969886.1,0.908066192,5.898965121,109.7270615,10705.21255,0.937774628,0.000293694,15112.20991,0.000280383,13691.94539,0.000911047,92053.39044,1185952.457,670082.3087,1.769860869,2.205777111,-71.99993556
0,23951,270,253940196,175010.8444,235,96.0787441,97,285,29.04953053,102.9660138,37.03192108,-0.21205543,0.406418303,1371.363179,4514291,10904.63706,10.90463706,5724.343228,0.524945782,19.22586264,0.071696475,54.92682047,1.46E-05,0.415431352,470321716.8,1.66E+13,84399605867,467928424.6,27377142.23,1980.567309,175072.9907,597939.3077,56196,-306380.3974,1848.337317,770.7119371,-1.845103748,21366.15385,21366.15385,806.2323151,9.923076923,6241458.077,-136352.7879,2.18E+13,482180349.5,0.924227431,9.640156106,172.754042,18832.00799,0.932557818,0.000310303,22128.63959,0.00026638,20763.96683,0.005484787,178221.0565,1560418.323,1051555.582,1.48391426,2.342719752,-81.05112087
0,3910,200,16408057,19118.13556,181,55.67544757,57,231,26.17156599,64.77653896,33.11613735,-0.205783363,0.246707538,1096.678553,136520,2552.407488,2.552407488,2416.846524,0.946888981,7.996053514,0.052192149,36.00032656,0.000112577,0.373710292,35192655.46,4.98E+12,22432777458,106919040.1,2838744.231,130884.7141,17548.77507,69149.15385,4118.538462,-28235.26882,326.6519751,146.7810987,-1.938123914,3073.461538,3073.461538,150.5990526,4.461538462,641241.4615,-11731.30181,41245305936,36562491.53,0.835612971,8.884129263,32.9452539,2521.271354,0.945760378,0.000739066,11674.4193,0.000622115,9940.983433,0.008769689,83292.59367,289681.405,146768.6529,1.973728036,2.319327048,-35.99520646
0,12569,219,166196909,82072.58071,245,110.0540218,110,294,26.85791726,114.9869558,33.32979678,-0.111408199,-0.09928641,1110.875354,1333339,8072.407742,8.072407742,3812.275224,0.472259993,18.6625932,0.133016591,40.91992111,1.78E-05,0.510468097,159409984.8,7.03E+12,38650318262,227950468.9,13650918.62,13941.91124,82286.43774,310720.9231,21678.23077,-144186.212,972.1682667,403.3303344,-1.885920857,11269.76923,11269.76923,419.5373705,7.538461538,2636198.154,-63723.12373,2.40E+12,165616189.2,0.928769126,3.884321174,98.43270683,10021.41218,0.939105369,0.000245593,14348.02212,0.000216252,13488.1475,0.002726654,47810.2818,1109700.358,888593.6118,1.248827747,2.186837439,-74.44502741
0,33670,259,252260006,268101.8731,227,80.03118503,81,277,25.84670191,86.55634003,32.97179238,-0.150811515,0.484400531,1087.139093,10025684,17483.99872,17.48399872,9013.525755,0.515529994,22.77557553,0.047211717,61.52759494,8.95E-06,0.361423675,535777882.7,1.38E+12,9005228174,121529232.7,37482629.38,-19810.38048,259540.3345,829938.7692,111561.3846,-468304.8271,2605.377696,1092.344282,-1.800261324,29885.53846,29885.53846,1131.923567,14.23076923,7914415.846,-212429.5613,6.73E+13,550993868.5,0.918031702,10.00270488,269.0700238,25854.19445,0.924002193,0.000265467,18281.98909,0.000234001,16971.06745,0.004756466,156772.9816,2326668.431,1406563.031,1.654151559,2.436791122,-86.02897818
0,19412,207,126765086,143019.8158,192,75.51298166,77,241,22.81613076,80.8084154,28.77556356,-0.254735761,0.212187783,828.0330583,3759760,10826.62005,10.82662005,5095.821278,0.470675174,20.62727384,0.100183362,45.81425287,1.32E-05,0.464442407,238242825.4,1.37E+12,11255212430,108847651.2,13855482.15,-8176.405189,143423.6927,386633.3846,54802.92308,-252514.3497,1782.408166,789.2180225,-1.815201225,17415.84615,17415.84615,821.041911,11.92307692,4015798.462,-112768.4875,1.20E+13,243539656.6,0.926994733,6.760929016,174.5345859,15118.71929,0.91968489,0.000202736,13697.92693,0.000175552,12898.63658,0.004321144,67742.5776,1158283.583,819967.5553,1.412596847,2.287533632,-78.47104002
0,4752,164,21763541,26228.32724,183,62.62184343,63,230,20.43470957,67.66830868,25.6588087,-0.124015189,0.165927404,658.3744639,254430,3864.977869,3.864977869,2216.366185,0.57344861,12.82757014,0.155175034,31.94140517,4.50E-05,0.537370659,33220603.92,1.77E+12,11101851378,73531038.5,3328711.692,29514.66664,25220.19164,91832.61538,6472.153846,-43823.12097,415.757631,182.3278089,-1.912751724,4102.923077,4102.923077,195.278189,5.538461538,728210.9231,-19073.32533,1.25E+11,34773752.54,0.908794972,3.292212705,49.79781969,3597.650028,0.940753691,0.000524226,8352.965841,0.00042859,7682.236643,0.011864522,25392.70506,396308.6,242892.5496,1.631621063,2.360459774,-37.89771597
0,32943,240,237374288,259662.4897,207,77.62960265,79,257,27.0596856,84.88227141,34.34022543,-0.351791368,0.399400496,1179.251083,9155035,20358.14667,20.35814667,9569.805908,0.47007255,25.48166975,0.053483456,51.00324074,7.01E-06,0.376767258,524467367.5,1.07E+12,3251261851,105942273.9,34220469.69,-21063.14083,258271.1596,768087.2308,108514.4615,-459147.9704,2761.419675,1191.456546,-1.800431082,29539.23077,29539.23077,1237.151824,14.07692308,7755357.231,-206567.2201,5.38E+13,537604709.6,0.920026985,4.319309114,251.6507608,25133.14212,0.922313366,0.000510322,17691.1056,0.0004769,16536.00402,0.00165151,58714.74164,2250897.034,1596718.185,1.409702134,2.440067523,-84.65516594
0,33178,241,223727619,265939.8404,203,75.87621315,77,253,24.50541359,82.11577193,31.40147134,-0.235210068,0.554389693,986.0524024,10302042,21076.88658,21.07688658,8449.486323,0.400888731,28.66451848,0.083286453,54.95926717,5.77E-06,0.43670831,498124145.7,7.39E+11,-158874521.1,79854681.46,34123448.46,-19992.61691,264632.4141,798164,122615.7692,-478284.0887,2705.874501,1141.961327,-1.790817668,30183,30183,1177.937034,15.46153846,7669965.692,-217150.6875,7.25E+13,511204989.6,0.934048938,5.78691055,274.7555445,25997.88983,0.910763388,0.000270686,16847.64557,0.000214602,15825.65215,0.003579699,91327.6332,2444401.554,1609545.992,1.518690094,2.429246657,-85.22617172
0,30208,243,178075703,235142.28,209,69.1605866,69,259,26.34513001,76.77239087,33.34363707,-0.012470469,0.204999461,1111.798133,7862154,17344.05152,17.34405152,7393.409645,0.426279271,25.78373162,0.084181987,52.28715267,7.46E-06,0.438267962,409256455.9,9.33E+11,3810042692,90500893.77,34782633.46,-24189.32185,235359.8384,764669.1538,92688.61538,-421447.5547,2403.071729,1013.030155,-1.812686411,27480.61538,27480.61538,1056.396582,12.84615385,6605604.692,-190323.1409,3.70E+13,423577558,0.929801447,5.78552748,234.8422817,23672.38058,0.919960072,0.000359525,15347.68778,0.000339212,14357.80916,0.003295953,82110.65252,2048142.618,1210315.432,1.692238703,2.40301982,-82.84412148
0,3438,201,24036055,16581.06704,193,77.78679465,77,243,23.62503431,83.61220007,30.667647,-0.064952795,0.878449437,940.5045726,117148,2184.047745,2.184047745,2047.11151,0.93730163,7.642923717,0.062885733,32.93832518,0.000130232,0.397665007,31168056.31,4.82E+12,21403824296,99895251.42,2861404.769,143612.177,13884.62828,65384.61538,3358.153846,-23256.55165,251.7567088,111.3410212,-1.949357534,2599.692308,2599.692308,115.784979,4.230769231,561344,-9864.886703,36352216718,32562124.7,0.854631923,10.1506225,31.57236049,2299.848343,0.932899271,0.00070242,12026.46677,0.000453347,10527.55788,0.023875416,98797.03857,306765.3545,170825.1863,1.795785277,2.273276016,-35.827332
0,26891,258,233927389,206781.1104,236,87.63418988,87,286,24.91814032,93.26842981,31.92717819,0.079271675,0.645021585,1019.344707,6659027,17649.17601,17.64917601,6877.497639,0.389678115,27.53357036,0.108295371,53.9009585,6.70E-06,0.476654061,408174694.4,3.14E+12,21451836763,178210264.5,26591900.08,-14408.52235,206537.3794,627141.6154,84333.69231,-368858.4486,2242.623021,955.0793848,-1.808558485,24330.61538,24330.61538,988.2871234,13.30769231,6222319.462,-166118.6085,3.52E+13,419196724.5,0.934202244,7.921456162,221.6649648,21250.05771,0.916981089,0.000305258,17084.72703,0.000291581,16124.23125,0.003032976,113387.2145,2042763.487,1549279.469,1.318524855,2.385573534,-82.87341995
0,17338,253,145108788,121010.7437,228,84.96885454,86,278,26.24572398,91.48223871,33.90724557,-0.225303081,0.705210453,1149.701302,2649690,10893.86281,10.89386281,5740.828132,0.526978193,19.17008043,0.070940222,51.01550347,1.47E-05,0.41396553,282967861.8,1.34E+13,68751242800,377204929.3,16830531.46,9873.710449,120169.3459,390889.1538,38532.84615,-210655.066,1451.238494,629.6216963,-1.848579786,15340.23077,15340.23077,661.6276783,10.07692308,4109942.385,-93484.88162,9.01E+12,290397882.2,0.901503518,11.13871847,138.9193297,12867.11883,0.925348501,0.000211926,18584.46417,0.000191892,16978.91398,0.002054301,178531.5351,1320948.746,930689.5038,1.419322707,2.257873403,-77.18112336
0,6123,175,53183757,35571.6944,183,89.20610812,90,232,21.4497446,93.1933474,26.98460401,-0.16377663,0.214482943,728.1688538,401291,4260.507693,4.260507693,2485.431667,0.58336514,13.1004194,0.133711758,34.04998983,4.16E-05,0.511355816,51198611.15,2.72E+12,16342998423,103784944.6,4957282.077,27095.29302,34215.62964,128118.8462,8865.076923,-60042.84346,511.8201697,220.643924,-1.904374613,5329.384615,5329.384615,231.2020129,6.153846154,1031632.231,-26339.5035,3.00E+11,53497679.39,0.925028312,2.763047069,60.49793975,4811.278025,0.937989171,0.000440234,9800.600272,0.000413876,9209.035875,0.001169381,23447.05984,532015.2087,380273.4477,1.39903328,2.446381742,-40.15197059
0,11438,210,70567841,73623.59765,182,71.57973422,71,232,25.83216782,78.54298186,32.34096195,0.014247998,-0.018683093,1045.93782,1153418,7186.757572,7.186757572,3417.176389,0.475482351,17.87227319,0.146391605,37.18481459,2.01E-05,0.52703411,120468358.5,4.41E+12,25902203127,165800183.1,13221867.62,7469.682053,73036.9781,291853.7692,19141.23077,-129007.1957,860.7500255,354.2246837,-1.890466807,10252.76923,10252.76923,371.615431,7.230769231,2186171.154,-57161.69318,1.61E+12,126571111,0.924967124,4.239067277,93.28185779,9048.313427,0.9383499,0.000298388,12229.80364,0.000278422,11470.77422,0.0011613,44207.09307,892743.8336,516463.2198,1.728571947,2.149002619,-72.04596691
0,9710,222,72745970,60934.09998,189,80.83192585,82,239,24.24353324,86.55056326,30.95255614,-0.202683782,0.53194073,958.0607315,899936,6756.415108,6.756415108,4491.766182,0.664815011,14.00221131,0.056968344,39.77202725,2.99E-05,0.384778857,124901242,1.05E+13,50783402674,258764564.8,10749821.38,37493.47738,55582.15149,234037.3846,14730.61538,-99175.64047,689.0655446,283.6618718,-1.899784183,8184.615385,8184.615385,293.3337504,6.692307692,2004564.462,-44153.81092,1.44E+12,129942433.5,0.888515829,8.945037119,86.20213562,7100.741689,0.94311178,0.000279046,15591.25463,0.000243012,14020.47124,0.004946017,125973.6919,924244.0845,548405.2024,1.685330628,2.121869751,-71.44213174
0,9817,206,61994264,64195.64285,179,74.87195681,77,229,20.55530867,79.4606821,26.630449,-0.576589585,1.342667291,709.1808139,1104771,5734.364218,5.734364218,3159.019056,0.550892642,15.02711143,0.117968534,37.6493489,2.92E-05,0.490443212,135144962.8,8.82E+12,45827482781,247997029.8,4926920.154,23998.96815,64505.30541,160382.9231,21344.84615,-110682.9468,1008.799581,466.4276366,-1.845087028,8635.769231,8635.769231,490.1443693,9.230769231,2135040.615,-48392.02015,2.23E+12,137173729.2,0.903856582,5.075689515,101.3969143,7241.519596,0.9198016,0.000410604,15538.00662,0.000322837,14258.62607,0.003964132,69675.76687,582222.581,431861.8211,1.34816868,2.125894387,-70.50811625
0,6578,186,27888890,38093.01721,168,58.10550319,58,218,23.26196159,65.10760324,29.38489916,0.025951083,0.160600946,863.4722987,428732,5990.005182,5.990005182,3018.353032,0.503898234,16.18100798,0.147569521,35.5562198,2.55E-05,0.5284439,51562028.77,2.58E+12,15681959478,102203739.1,8255078.615,22129.60415,35992.3577,172542.3077,9085.461538,-64845.68033,473.6957625,194.4480471,-1.913218466,5773.307692,5773.307692,203.8585762,5.923076923,1083097.538,-29037.37031,3.40E+11,55508775.41,0.918076156,3.744053768,60.68984496,5148.203916,0.944558786,0.000545513,9556.446285,0.000497632,8847.839495,0.003506852,31943.87123,668667.204,351678.3219,1.901360313,2.467702847,-40.54658312
0,72586,270,539567686,649404.8142,236,78.47182652,79,286,28.62498552,86.21484791,35.71649044,-0.041057182,0.036828715,1275.667689,41618824,48154.96211,48.15496211,15040.02653,0.312325581,44.58961346,0.077088334,74.86116151,1.97E-06,0.425594708,1204717626,2.97E+14,-1.06E+12,3951341838,69212216.31,-45048.49827,669765.5612,1677720.462,441716,-1189071.377,6332.391137,2726.891187,-1.733876418,67044.61538,67044.61538,2853.401213,21.61538462,17621314.31,-539361.8762,5.01E+14,1223162883,0.945184698,6.851173364,504.7038586,57583.3068,0.900037939,0.000159845,18013.29233,0.000147199,17274.52171,0.001695686,84796.22714,NA,NA,NA,NA,NA
0,29862,208,77621945,235312.5477,169,40.55224031,40,219,24.40227385,50.98038839,30.90098715,0.045944279,0.138247357,954.8710068,8295654,21436.4017,21.4364017,10453.60623,0.487656761,25.29683527,0.045494379,61.45859445,6.90E-06,0.356987146,239821156.2,3.67E+12,-26456501951,218384113.2,27999788.54,-30034.64704,232512.4689,678443.3077,100002.3846,-415978.1359,2511.355677,1077.110002,-1.797550682,26845.46154,26845.46154,1124.085643,14,4958166.692,-187667.2523,2.38E+13,250752687.6,0.921248255,5.677662667,250.3154568,22784.77883,0.914609769,0.000745197,9391.600954,0.000644358,8760.279636,0.006668885,45069.27118,2013978.678,929517.3227,2.166693002,2.404323226,-81.03745604
0,12609,218,60281893,81583.17829,183,59.74613371,59,233,27.93724199,69.13754407,34.80318702,-0.006622443,-0.154484369,1211.261827,1289499,11693.04967,11.69304967,5489.880707,0.469499477,21.19878254,0.093458593,50.77840985,1.22E-05,0.453808974,149018404.9,6.44E+12,34957884323,206963469.5,13574691.77,10766.29063,82129.17885,306635.7692,21178.61538,-142175.8238,986.2730117,411.9964899,-1.889467025,11242.76923,11242.76923,420.9130423,7.538461538,2531459.308,-62369.7504,1.87E+12,155207105.4,0.922147103,4.054273765,95.19084083,9893.51423,0.938828798,0.000296755,13507.08661,0.000274671,12756.06844,0.001360025,38481.84737,1139387.7,712452.5365,1.599247166,2.179460179,-71.54229094
0,10642,179,46259023,71424.91103,164,61.07940237,61,211,19.66029654,65.9241989,24.8222092,-0.02421222,0.20010513,616.1420696,1313084,7482.65625,7.48265625,4161.5625,0.556161123,16.31711009,0.087860708,45.08394947,2.26E-05,0.44456121,82590995.46,1.09E+12,8775637117,77632740.95,8091481.077,-1399.669519,67663.82227,217697.5385,21637.69231,-121733.4041,910.2468321,397.7700727,-1.854876748,9316.615385,9316.615385,413.7942496,8.384615385,1737324.923,-54649.27979,1.78E+12,86131649.85,0.907474925,7.437898119,112.6113654,8001.536202,0.928780015,0.000317271,9302.868842,0.00029882,8490.979552,0.001720186,66911.50989,829980.75,458258.2031,1.811163978,2.138999041,-72.7482841
0,5142,216,29202019,26994.05064,201,67.47277324,68,251,26.39341897,75.35914012,33.56399487,-0.066265319,0.301351894,1126.541752,231880,4121.635844,4.121635844,2486.205765,0.603208498,12.6707786,0.125020261,31.71774411,4.44E-05,0.500027014,59488453.31,8.35E+12,36826040554,170325811.5,7235587.462,105949.4665,25101.88769,140096.3846,5937.230769,-44190.61768,341.2474409,138.3271479,-1.940952795,4374.153846,4374.153846,146.6533947,4.692307692,1010772.231,-19386.09616,1.72E+11,63011256.13,0.908376333,3.948187236,42.59525199,3957.404436,0.952248452,0.000392988,14058.79434,0.00031174,12984.22644,0.001714192,46372.55193,518998.9211,281472.78,1.843868956,1.927338468,-63.45206103
1,7731,171,35688312,47137.79427,159,62.03130255,63,189,22.14084867,67.94115101,27.71963695,-0.12991614,-0.050673526,768.3782725,615613,4014.517198,4.014517198,2172.069175,0.541053648,13.50442047,0.177868098,29.28208229,4.09E-05,0.562383652,57587994.38,1.65E+12,11411438078,85052892.96,7041162.154,9957.632434,45096.58512,173056.9231,11917.15385,-79958.07728,614.2543813,260.9437196,-1.896800346,6753,6753,271.2777709,6.615384615,1230230.769,-35429.128,5.20E+11,60824149.87,0.938835962,2.491668428,73.47631687,6250.7629,0.935454663,0.000551137,8890.546612,0.000477426,8405.354971,0.004011556,20514.85226,484894.7828,250224.2183,1.937841134,2.037107804,-69.1795146
1,48407,233,260064179,416344.3028,202,66.70582767,67,252,23.87373479,73.29392881,30.37733343,-0.138135766,0.36254509,922.7823866,22353297,29583.16316,29.58316316,10451.45429,0.353290628,34.91552062,0.086698466,63.65401378,3.62E-06,0.44259225,638317639.4,3.48E+13,-1.84E+11,1049373911,57817155.31,-29328.19886,411487.5239,1264733.308,241974.1538,-758330.6759,3806.567314,1587.001778,-1.756451114,44570.76923,44570.76923,1657.106167,18.76923077,10577601.31,-349477.3733,2.23E+14,658566863.6,0.941784445,5.969543781,404.3917004,38284.10495,0.902781066,0.000231425,14807.02794,0.000214792,14006.79272,0.00171458,82608.63229,3444111.922,1990259.905,1.730483498,2.529712649,-90.55649229
1,43031,274,257041872,356703.8242,250,69.59661639,69,300,26.45351151,77.28518616,33.61134522,0.200479094,0.529995903,1129.722527,15945291,27486.15494,27.48615494,10380.27883,0.377654818,32.58865032,0.076392952,64.48867473,4.17E-06,0.424311138,598494287.2,2.91E+12,-19525479152,212361498.2,44942082.46,-33622.17861,359480.9,1046304.308,173510.4615,-642458.1247,3518.927457,1488.426418,-1.779046244,39321.38462,39321.38462,1545.885263,15.84615385,9528029.231,-290628.6808,9.97E+13,615982093.4,0.93622841,5.691651777,330.4181761,33904.96052,0.911174949,0.000193852,15732.71385,0.000180204,14764.963,0.002513691,86910.24285,3123323.128,1925552.354,1.622040097,2.501011616,-86.5405729
1,99736,268,508101049,937280.7291,243,61.67011911,62,293,28.42248624,71.37226352,35.9340545,-0.003271652,0.175961357,1291.256272,79225140,54653.8757,54.6538757,19336.70543,0.353803004,42.80137367,0.046724736,92.21818725,1.96E-06,0.360176704,1243052030,4.79E+15,-9.79E+12,20354514435,122006174.8,-52738.03397,951571.5389,2643289.769,742472.9231,-1724677.759,7875.546019,3274.06296,-1.719013941,92592.76923,92592.76923,3436.257219,26.76923077,20979804.54,-790363.5778,1.07E+15,1277151940,0.941778991,5.918375092,690.4699913,78047.14697,0.8935374,0.000483132,14074.61768,0.000446198,13308.42796,0.005253533,77552.85749,6384465.932,3448261.391,1.851502891,NA,NA
1,34068,211,121148197,281749.8395,188,53.19135259,53,238,20.99970888,59.63220606,26.95830362,0.114478049,0.495810526,726.7501342,12640614,16948.11031,16.94811031,8009.476743,0.472588188,23.8860085,0.063224078,68.1256043,8.46E-06,0.398376918,344368076.6,4.47E+12,-32869268308,270883899,21014028,-20995.4175,279727.8788,622213.6923,168941.6923,-497494.1215,3364.814944,1529.169254,-1.7461852,30561.38462,30561.38462,1602.784957,20.15384615,6384207.538,-224569.4639,5.92E+13,350501463.6,0.920369733,12.48000281,325.4670609,25546.58078,0.899549318,0.000216679,11414.29129,0.000201714,10610.23302,0.002314103,127586.6835,1642182.454,911056.4448,1.802503526,2.44546867,-83.02002415
1,21689,227,86349935,157988.9202,204,53.19097238,53,254,26.86046226,63.09516622,33.94110036,0.01074667,0.116723503,1151.998294,3980589,14388.90383,14.38890383,6171.315493,0.428894068,24.12871946,0.099626425,44.29021238,9.05E-06,0.463580168,230965542.5,1.40E+12,8927533175,97046083.08,18394659.85,-21752.28997,163023.5428,471773.8462,55392.23077,-281931.1535,1908.065569,831.9421294,-1.833050311,19663.76923,19663.76923,867.8672499,10.69230769,4143845.385,-124808.8671,9.34E+12,238583248,0.920496646,5.059972942,167.2005315,16688.48559,0.922981164,0.000720586,12056.80997,0.00060934,11198.19413,0.015367962,53480.7501,1394757.062,791710.8054,1.761700172,2.316918115,-77.20478221
1,16419,239,142248198,113079.6472,215,86.67628966,86,259,26.71072552,93.07523838,33.9242433,0.137077511,0.205221579,1150.854283,2301697,10146.62933,10.14662933,4525.268555,0.445987372,20.92428471,0.125650115,50.37796595,1.33E-05,0.500865322,225770343.9,8.05E+12,42933807884,255402684.4,12643833.31,1281.314656,118147.6556,339363.6154,36593.30769,-201195.4436,1491.960218,656.8666593,-1.848836554,14849.61538,14849.61538,684.062546,9.923076923,3579255.308,-88254.1106,5.22E+12,231162135,0.925777454,6.026642775,128.0985069,12852.48749,0.928150782,0.000205391,15250.41968,0.000181976,14408.95297,0.001451242,67366.76526,1103092.383,880509.1553,1.252789226,2.23930296,-74.22469896
1,47382,245,291151312,398944.1987,234,70.8089992,71,284,26.54412305,78.38367177,33.62814046,0.003241411,0.1989001,1130.851831,19160334,40235.42867,40.23542867,12661.9851,0.314697408,41.78616335,0.090191217,64.20125492,2.37E-06,0.448457627,668583004.4,1.79E+13,-1.06E+11,690557262.1,74039728,-35295.91323,395983.8717,1422666.923,193167.8462,-730890.3051,3378.876015,1355.873144,-1.783427484,43894.76923,43894.76923,1425.165142,16.23076923,10741173.23,-337060.235,1.79E+14,697768567.3,0.941190493,4.461688285,359.3479366,37774.84068,0.911386343,0.000206893,16039.20311,0.000166819,15172.37999,0.001927588,67845.00234,4718127.641,2870483.897,1.643669782,2.525357872,-90.28852421
1,25146,266,163157050,182874.3215,230,70.11015669,71,280,31.52192148,80.54812226,39.66050596,-0.013673764,0.030293742,1572.955733,4543254,15539.74915,15.53974915,6535.272217,0.420551976,25.08187193,0.09784741,49.21261122,8.21E-06,0.460804217,348834325.4,4.53E+12,28399347160,212248916,51755827.08,-24354.32842,178473.1965,856745.6923,51274.38462,-324349.1124,1555.400791,601.8176089,-1.870705883,22700.53846,22700.53846,630.5444459,9.384615385,5555613.077,-147289.9057,1.77E+13,372929722.6,0.942377319,5.593437962,167.7623376,20761.3927,0.940091405,0.000542822,16294.70719,0.000504514,15490.24075,0.002254335,79987.55859,2226594.067,1109874.023,2.006168286,2.367227678,-82.19512814
1,92939,180,196353865,936393.8148,148,40.87796297,41,198,16.45292757,45.95650117,21.01689289,-0.236397471,0.534657564,441.7097866,119723783,48260.92535,48.26092535,15147.50896,0.31386694,44.47608618,0.075791414,82.56863665,1.97E-06,0.423194488,757384357.6,3.28E+16,-4.17E+13,53128816092,49640575.38,-18890.48249,937086.5245,1629918.308,1718933,-1740236.475,10036.16235,4624.888311,-1.615758641,86909.15385,86909.15385,4832.833786,54.84615385,16100573.23,-809786.7315,2.08E+15,739624104.4,0.938146043,14.36240985,1030.788828,67815.98288,0.84127306,0.000244875,8886.944565,0.000218339,8403.898435,0.007755362,109437.3082,NA,NA,NA,NA,NA
1,23248,208,106913391,178961.48,178,62.08478149,62,228,21.63094852,67.80855403,27.28187905,-0.132502548,0.257177145,744.3009246,5671228,16602.64214,16.60264214,7141.019677,0.430113449,25.25973466,0.085610316,55.87610245,7.86E-06,0.440732793,267002212.3,3.54E+11,2578057344,51048941.54,20196780.77,-14162.03764,175476.3643,514368,73765.53846,-317818.5264,1988.548399,855.574675,-1.801157335,20997.23077,20997.23077,882.4914542,13.61538462,4689605.385,-144163.8429,2.32E+13,274827815.3,0.918246591,6.540584734,218.8771914,17690.4971,0.916356742,0.000269535,13109.97789,0.000257592,12058.2611,0.000937016,82289.20133,1749354.611,1037154.514,1.686686591,2.341389381,-81.40563801
1,11504,193,38939047,76743.34474,158,51.18471836,51,208,21.81397942,58.17215829,27.65775411,-0.10586485,0.27139504,764.9513624,1386252,7268.123763,7.268123763,4046.687722,0.556771989,16.14783302,0.090156683,37.35727904,2.32E-05,0.448400384,102371316.5,1.92E+12,13882079733,109577827.9,11371620.15,154.1344846,72694.58509,267874.9231,21933.07692,-131298.0339,899.7426581,378.2394969,-1.866385326,10101.84615,10101.84615,396.4762429,8.615384615,2014943.077,-59094.51479,2.20E+12,107510586.9,0.923226577,3.736968518,110.5311742,8972.782185,0.931829731,0.000414355,10626.13061,0.000386652,9896.599054,0.00116024,36297.09424,827621.3156,379015.8486,2.183606091,2.172999665,-72.35836875
1,33507,262,124056464,260106.6285,235,47.47903423,45,285,30.0352489,60.84406298,38.05450961,0.403478964,0.419452601,1448.145702,8553583,22829.1087,22.8291087,9593.15903,0.4202161,28.52810495,0.066764462,64.1177332,5.59E-06,0.405678306,324607884.9,2.65E+12,-12356531089,178840329.5,39581220,-44723.73397,267316.4606,863900.9231,98365,-469403.6745,2654.250607,1113.531321,-1.819997655,30704.23077,30704.23077,1158.955512,12.15384615,6073417.385,-210020.7888,2.37E+13,341686767.3,0.927414824,8.116048156,231.5462567,26116.09677,0.917496,0.000769287,11279.07441,0.000673001,10499.32595,0.011568085,94186.89644,2355347.095,1148979.972,2.049946172,2.426172801,-80.37172431
1,13862,249,85904609,89497.09096,244,68.5090896,69,294,30.85720414,78.72102642,38.77672154,-0.01575347,0.075174728,1503.634133,1418790,9344.835815,9.344835815,4776.007813,0.511085257,18.59031378,0.090656853,46.14360916,1.66E-05,0.449228064,187749003.9,1.20E+13,57527449786,300308495.2,18759543.54,16462.35407,90056.51899,377645.3846,22222.46154,-156106.611,1000.457227,410.5702443,-1.899650233,12365.23077,12365.23077,425.3112546,7.230769231,2976337.385,-68525.82001,2.41E+12,196535127,0.916041992,4.969069209,95.68087888,10769.8357,0.94201081,0.000549555,15825.15406,0.000525035,14583.64481,0.00199549,70889.23184,1177341.004,652093.8608,1.805477823,2.217563456,-73.17764888
1,16669,220,139932841,117823.5342,213,86.46775451,86,260,23.96172643,91.61877537,30.30053824,0.023486228,0.232558786,918.1226179,2639997,8139.160156,8.139160156,4210.546875,0.517319575,17.61079602,0.100368178,46.3554541,1.93E-05,0.46472783,201108115.5,3.33E+12,22191716545,165029068.4,17975380.08,-4668.112807,115854.5139,409985.4615,36961.61538,-207671.7492,1314.819014,553.2675157,-1.850791707,14999.61538,14999.61538,576.4004929,9.538461538,3433090.846,-93368.90956,7.08E+12,209032607.7,0.929167284,4.529191875,144.5110471,13181.03709,0.930654324,0.000213675,13823.8216,0.000202786,12949.7288,0.000710556,55919.53967,1139665.625,704374.5117,1.617982488,2.256189365,-76.94999641
1,20128,192,58780413,149523.1943,164,45.76147655,47,214,22.44524229,54.03702434,28.74400457,-0.263792773,0.395750919,826.2177985,4140512,14300.29674,14.30029674,10175.7951,0.711579297,17.18137345,0.021950146,73.17990685,1.51E-05,0.279992117,167235128.5,3.30E+11,2057221576,44150912.46,17785268.85,-14823.424,134216.8449,425712.2308,50491.84615,-242484.446,1573.354459,674.1827453,-1.823365671,16817.07692,16817.07692,714.4793261,11.69230769,3311349.154,-109533.7704,9.41E+12,174615861.6,0.878398277,17.32145415,189.8185171,14252.19189,0.934400605,0.001105066,10218.76482,0.000898697,9068.840337,0.024985351,162148.8738,1485598.941,683810.3789,2.172530553,2.304453437,-78.14151914
1,36693,253,184250894,295722.7051,232,62.40291064,63,282,26.37677951,70.85901495,33.57521161,-0.03482423,0.357257974,1127.294835,11640271,22675.57526,22.67557526,8996.484375,0.39674779,29.5756858,0.079863899,56.76930426,5.31E-06,0.430642449,458173213.5,2.22E+12,-14245927212,154855857.8,36854020.08,-30928.46545,300169.6168,870202.0769,136266.8462,-533986.4434,3080.851373,1319.128102,-1.790573472,33551.30769,33551.30769,1360.297853,15.69230769,7686550.538,-240669.2207,6.24E+13,472577440.6,0.9362963,5.910833536,285.3439279,29092.49601,0.917341182,0.000301169,14029.13383,0.000287849,13229.29492,0.001300148,73032.45772,2392198.901,1439594.055,1.661717685,2.456395541,-85.29425412
1,29588,227,153236395,231389.7419,189,64.53606192,65,238,25.28794912,71.9652694,31.84496107,-0.112881609,0.103045045,1014.101545,7849460,15364.31702,15.36431702,6809.909839,0.443228933,24.12741246,0.084538552,49.70659817,8.75E-06,0.438885873,370584153.9,7.96E+11,-2199826944,82545287.65,27922464.54,-23898.28337,232733.3566,682375.6154,95179.76923,-413088.3991,2492.156399,1070.163232,-1.803534409,26861,26861,1110.46313,13.30769231,6198396.538,-185707.2915,3.44E+13,381318869.9,0.930459567,5.35755684,238.2735162,23066.63305,0.913824211,0.000279313,14167.75813,0.000235563,13292.76475,0.002429164,70727.78748,1771102.376,1001867.399,1.767801187,2.396890335,-82.29298475
1,13175,229,98109451,89025.72219,224,80.85867173,79,272,23.49941918,86.29020802,30.14154697,0.338288945,0.712012478,908.5128536,1705517,6841.451829,6.841451829,3274.317833,0.478599852,17.5048925,0.150794819,34.13852547,2.12E-05,0.5322661,135281154.2,4.30E+12,25100186372,165416910.5,10189044.38,-1302.12989,90206.5022,270141.7692,28251.76923,-156431.1437,1189.579308,519.4804741,-1.851210838,11822.38462,11822.38462,544.7090377,9.307692308,2478450.846,-69070.94105,2.69E+12,139816950.5,0.931233265,3.080576835,117.8745332,10426.33209,0.928676106,0.000260441,11735.94121,0.000244168,11044.18426,0.000622418,31873.42544,789328.9546,553783.7199,1.425337954,2.194369355,-73.54809869
1,6648,203,54808704,39243.87373,211,86.45637786,88,258,21.74330065,90.7964757,27.7431905,-0.244901064,0.90657874,769.6846194,472330,4529.439061,4.529439061,2818.641209,0.62229366,12.80686859,0.103614807,34.67142987,4.17E-05,0.469685632,72730826.08,6.41E+12,32459960666,171704823.2,5717582.846,43075.36057,36724.92622,140222.8462,9706.307692,-64765.28345,541.302752,233.5807355,-1.899386401,5678.153846,5678.153846,242.6569646,6.461538462,1273790.231,-28555.02318,4.90E+11,75413824.81,0.910460342,3.89259801,66.02782839,5080.371725,0.941659724,0.000363095,12973.53979,0.000327674,11947.33548,0.002564389,45849.65064,571589.6331,392457.3626,1.456437533,2.476803396,-40.71541168
1,22033,226,126106232,163353.0669,209,68.72627423,70,259,24.89077657,75.65051223,31.62618237,-0.217841824,0.365094294,1000.215411,4457563,15979.86888,15.97986888,8447.404916,0.528627924,21.73615557,0.047910297,72.56001481,1.00E-05,0.363197586,289319477.8,2.16E+12,16062333377,141793954.2,21905974.54,-11086.1068,159314.7047,511682.6923,56938.84615,-283941.8302,1780.535128,759.4798255,-1.829610795,19534.53846,19534.53846,789.760481,11.23076923,4689527.615,-127429.9365,1.58E+13,298480402.6,0.917363099,5.90283451,185.0415017,16918.43646,0.928844495,0.000424124,15115.08859,0.000398683,13967.74422,0.001697862,80500.67671,1794291.086,1109185.523,1.617665439,2.32744083,-79.98087656
1,86379,295,709854238,772799.6673,250,80.07469408,80,300,33.82650245,90.64766958,42.49642699,0.015739156,0.014975568,1805.946307,49777981,63939.67693,63.93967693,26290.1574,0.411171258,40.8006151,0.025445658,84.66039392,1.95E-06,0.294129034,1397455720,5.24E+14,-1.68E+12,5640711441,186356579.2,-66037.31737,741459.3337,3003335.231,375673.8462,-1364038.993,5196.128304,2008.277968,-1.781145237,77346.46154,77346.46154,2098.649692,18.23076923,20486052.77,-628871.5463,7.02E+14,1472456596,0.926019961,29.83028555,525.9709852,68095.32351,0.928212609,0.000289442,19074.36465,0.000243779,17878.35398,0.031614569,424987.1034,9238203.892,5182977.052,1.782412656,NA,NA
1,67124,278,395620720,610923.5119,248,70.55848877,70,298,23.0435525,76.76587784,30.25522194,0.072638304,1.426118572,915.3784544,45414614,48184.88473,48.18488473,15446.76914,0.320572919,43.83060354,0.071246093,82.15488254,2.02E-06,0.41455964,961649640.2,1.54E+14,-6.40E+11,2782263925,52459004.38,-31758.08478,625745.8674,1405643.308,544835.0769,-1124511.528,6360.013111,2808.188897,-1.702526439,62380.46154,62380.46154,2954.136459,29.84615385,15251705,-512468.0736,6.02E+14,975605019.1,0.936384003,6.195672451,574.601253,51268.43946,0.883483152,0.000369971,15768.7081,0.000354185,14856.44944,0.001014742,88657.42054,4567436.275,3425863.183,1.333222032,2.623385547,-92.61659946
1,14952,250,165130371,99266.03169,245,98.48468432,98,292,29.07590476,105.0904372,36.6715047,-0.005653086,0.077121902,1344.799257,1746054,9240.05127,9.24005127,4336.688232,0.469335949,19.60321532,0.118393138,41.94643219,1.54E-05,0.491030924,227508072.8,1.40E+13,67476623098,350308247,21510362.46,18009.82314,98336.01074,421059.0769,25602,-173211.7398,1059.760141,432.7055574,-1.889919837,13354.30769,13354.30769,462.2806221,8,3432239.846,-76911.89078,4.05E+12,237529664.4,0.927365391,4.079803723,108.4070721,11948.88875,0.942127629,0.000205745,17642.10345,0.000183312,16516.00454,0.002878622,63200.99119,1315645.862,911052.8641,1.444093876,2.230466534,-75.76455239
1,15929,173,21141568,115048.7054,152,25.29524766,26,202,20.49941478,36.4280112,26.21808656,-0.093377002,0.252968906,687.3880627,2834457,12520.19035,12.52019035,8133.0687,0.64959625,17.46625118,0.032954211,49.80843169,1.57E-05,0.32060501,84597330.69,1.59E+11,-424730528.1,25398425.78,10882614.77,-16528.47497,107770.3373,302629.6923,41054.07692,-192597.6024,1408.068429,625.6678521,-1.819310764,13671.61538,13671.61538,659.2461229,11.69230769,2107140.615,-86354.49587,3.65E+12,89077236.57,0.903138613,4.344761891,160.9843218,11597.23319,0.917141933,0.001845312,6556.022249,0.001656855,5881.466396,0.012738324,28283.91152,999492.6999,381035.3969,2.623096721,2.240697948,-72.54037007
1,10799,200,67407738,70396.94086,172,73.39753681,75,222,22.90351776,79.00632886,29.23759188,-0.415292502,0.462722883,854.8367788,1176507,7474.876145,7.474876145,4109.612293,0.549790018,16.43722488,0.091045361,42.59611342,2.23E-05,0.449868868,130820331.8,5.88E+12,33505581340,201679555.6,8477932.615,17792.6178,68627.23637,221812.9231,20060.07692,-120011.0132,923.927945,401.0477294,-1.868188622,9441.153846,9441.153846,416.5984078,8.307692308,2192873.692,-52922.13711,2.07E+12,134541575.1,0.919501831,3.866841986,99.93298847,8319.005911,0.931289934,0.000322161,13934.1806,0.000303651,12958.28106,0.000874882,47530.48282,822137.4038,551691.4051,1.490212456,2.143595451,-71.6049678
1,37525,218,155271026,311117.1117,185,57.35690873,58,235,23.1073035,64.31951492,29.12021943,-0.090981869,0.142401072,847.9871798,13808419,19485.80492,19.48580492,8566.055246,0.439604896,26.25968427,0.06831978,57.52959254,6.85E-06,0.40880433,418901832.3,7.57E+12,-51139589471,382173665.9,38744891.85,-25991.87988,305670.0796,907913.8462,158052.1538,-558871.628,3042.916343,1277.833004,-1.771113794,34166.46154,34166.46154,1345.514181,17,7487322,-255926.0884,8.61E+13,432905411.8,0.938449566,5.335300707,326.3549001,29567.19148,0.90689899,0.000318954,12622.40593,0.00029536,11925.23018,0.001320839,60493.56807,2243117.803,1131131.114,1.983074973,2.455413112,-86.64897082
1,87729,252,414144500,822320.794,223,60.70989069,61,273,25.27272644,68.70225615,32.1719499,0.032099472,0.37619464,1035.034361,69304767,54214.85138,54.21485138,17822.5708,0.328739641,44.82941822,0.058718895,79.10359758,1.84E-06,0.388680384,1076048612,2.87E+15,-6.46E+12,14785546834,84258765.62,-40782.96043,837327.5998,2058633.154,730416.3846,-1515752.416,7582.80564,3239.102813,-1.703744944,81550.69231,81550.69231,3388.094832,29.46153846,18389702.85,-694269.8846,9.31E+14,1094686381,0.934425348,11.47681489,679.8589524,67052.3635,0.886800874,0.000389106,13578.25407,0.000354556,12811.30008,0.005434353,143203.7786,NA,NA,NA,NA,NA
1,16585,162,44945025,124949.5336,155,47.26397347,47,201,17.17380498,52.04805472,21.81965206,0.051575305,0.28997679,476.0972158,3640483,10249.21417,10.24921417,4544.055176,0.443356447,21.07753899,0.12662012,37.42994759,1.31E-05,0.502150895,92113575.85,1.74E+11,-1936589841,30683182.01,10151092.08,-13104.67902,121252.9208,306729.1538,57238.69231,-221048.6539,1617.278636,732.0086838,-1.782347979,14932.23077,14932.23077,761.613327,13.84615385,2322009.154,-100661.274,6.82E+12,95871512.3,0.929467165,3.387376574,192.6526239,12689.49143,0.902576471,0.000355274,6474.127326,0.000315957,6058.555049,0.002048604,19807.74814,941531.0669,486996.8033,1.93334137,2.261025141,-76.88802766
1,17529,175,56931318,131062.7256,138,51.69479149,52,231,19.03209652,56.98245344,23.9892596,-0.089069454,0.183374168,575.4845761,3654713,10832.5882,10.8325882,4986.584473,0.460331768,20.93896336,0.107030437,47.89827121,1.29E-05,0.474790951,156489295.7,1.52E+11,1097841876,28903015.64,10466237.23,-10435.13993,130482.2959,321025.0769,56504.15385,-233202.569,1734.872731,788.6837177,-1.793228927,15856.30769,15856.30769,827.6800391,12.84615385,3113877.538,-104885.7275,9.31E+12,160113381.8,0.922901349,4.826363992,185.6184709,13335.50082,0.908871891,0.000235586,10144.61937,0.000209764,9417.902195,0.002447204,44253.08296,1004211.694,563929.8706,1.780738611,2.247059309,-76.78694457
1,11610,238,71724259,74380.99855,231,71.00060293,71,281,26.30103816,78.59389289,33.71519642,-0.054393605,0.556968508,1136.71447,1181320,6028.786014,6.028786014,3953.190059,0.655719087,13.60472612,0.066537891,42.57636207,3.30E-05,0.405218884,151569409.2,1.18E+13,55975078777,285824024.3,12105101.38,28142.33364,70520.01993,263238.9231,18969.84615,-122598.821,907.3161624,387.6447561,-1.886793304,9874.307692,9874.307692,404.8923271,7.846153846,2408755.692,-53913.65666,1.83E+12,157200560.8,0.909188157,9.831782341,94.4378886,8864.349078,0.939892665,0.00041958,15568.06792,0.0003765,14252.29525,0.006185246,140695.1955,770286.7095,432784.271,1.77983989,2.157507505,-71.84021808
1,19440,206,85179415,142395.6405,166,58.74645062,61,216,23.65925788,66.18912297,30.5042897,-0.56547471,0.780103773,930.5116901,3755448,10715.77441,10.71577441,6181.767603,0.576884821,17.94899664,0.054974524,53.15523005,1.63E-05,0.380236519,222561126,1.15E+12,9470998415,98205568.86,15663137.85,-9107.212827,140000.4999,391325.6923,55293.38462,-248245.9038,1802.731736,812.5339633,-1.81750087,17186.61538,17186.61538,842.1716084,12.69230769,3854988,-110871.8076,1.17E+13,228832815.9,0.898529477,9.554860595,175.6050423,14292.54437,0.926111903,0.001257369,12957.54919,0.000791685,11888.42262,0.038030532,97264.74054,1089293.738,647868.3342,1.681350486,2.294886821,-78.67769734
1,25789,230,119105310,196634.1679,197,60.03435573,60,247,25.04987322,67.95586803,31.84854979,-0.000283228,0.271010673,1014.330124,6040451,15937.1109,15.9371109,7048.937988,0.442297103,24.45788311,0.08201636,52.21959389,8.42E-06,0.43447704,297277378.2,7.74E+11,4043604450,76128915.72,24607102.46,-21210.9805,196513.687,594912.9231,76180.38462,-349338.5117,2150.349135,918.5966943,-1.814123403,23276.69231,23276.69231,959.3461146,13,5167979.538,-156859.0957,2.17E+13,307309374.3,0.932257864,4.821544701,210.8862493,20287.61126,0.919411079,0.000333168,13159.63637,0.000305516,12344.63119,0.002502296,59131.47788,1728588.208,970729.4312,1.780710621,2.358825138,-80.9013696
1,49916,255,212526879,420529.0379,228,54.79543633,55,278,27.84180989,65.24568951,35.42810547,0.042944893,0.296342607,1255.150657,20340900,30847.13745,30.84713745,12178.83911,0.394812619,32.87779401,0.059575052,64.10307404,3.88E-06,0.390560343,552533971.4,4.36E+13,-2.14E+11,1138169844,58175111.23,-42398.29297,426466.2017,1271561.385,218874.3846,-764367.6012,4043.388169,1710.742141,-1.773153501,45861.61538,45861.61538,1788.216872,18.23076923,9827864.769,-346599.7256,1.27E+14,574709189.5,0.929692358,5.785627096,364.0121502,38795.99376,0.911861158,0.000849833,12506.90423,0.00077758,11775.62976,0.00830246,57096.85811,3254009.766,1752555.061,1.856723271,2.542742254,-88.11814174
1,28337,286,293248517,211861.9681,247,94.00299961,94,297,30.55479052,101.7251198,38.88501628,-0.104550378,0.399666285,1512.044491,5999159,14009.91097,14.00991097,7009.446456,0.500320557,21.58098638,0.064457277,56.55172581,1.08E-05,0.400950401,558341183,1.41E+13,74498392305,441419361.7,41783607,-9334.752549,209882.4156,804697.6154,67887.53846,-372519.0791,2018.430329,824.7797013,-1.846532196,25384.46154,25384.46154,863.2939675,10.30769231,7417670.077,-167149.5903,3.37E+13,576930897.2,0.920956475,5.7763339,194.6217877,22098.53928,0.93536583,0.00024847,22572.74533,0.000238166,20954.12238,0.001608949,121334.0676,2098299.656,1323449.352,1.585477868,2.382225817,-83.89880481
1,47337,210,226542252,411820.8245,174,63.39915922,64,224,22.00821546,69.17369442,27.68175933,-0.15949347,0.142593976,766.2797999,23031899,29416.09903,29.41609903,10732.38281,0.364847249,34.10981569,0.079165155,69.66715776,3.76E-06,0.429382845,583495220.9,7.49E+13,-3.41E+11,1624730569,39185152.31,-25777.44325,413087.7611,1030903.692,272587.3077,-750960.9713,4247.374265,1845.473907,-1.734005267,43646.53846,43646.53846,1925.393113,21.84615385,9980627.538,-343359.0023,2.02E+14,593248177.4,0.938207496,4.621701049,424.4344057,36815.50773,0.896486892,0.000162961,13624.05037,0.000152592,12880.41918,0.000755784,55037.85208,2963888.753,1875423.123,1.58038403,2.52482441,-89.80807849
1,28048,251,301670178,217749.9193,219,98.52559897,101,269,24.9144688,103.7063161,32.37596764,-0.632421996,1.303301305,1048.203281,7369908,14564.63308,14.56463308,8007.956798,0.549822076,20.52942557,0.046718222,59.44652871,1.15E-05,0.360159965,569501366.2,7.67E+12,48735986231,342674976,23206634.69,-2658.937553,212321.9409,587667.4615,91486.23077,-375273.3408,2412.895488,1052.847102,-1.799614045,24628.23077,24628.23077,1096.046543,14,7407303.769,-168252.7803,5.19E+13,578207483.9,0.911453056,8.14205852,238.2403147,21223.85443,0.926985059,0.000245501,23057.89111,0.000213176,21312.64485,0.004514879,156622.589,1889324.433,1440782.234,1.311318525,2.391776619,-84.25705075
1,42195,263,174812864,361892.7066,243,58.17409646,58,292,20.8922888,64.35837164,27.54542256,0.298115247,1.994154572,758.7503042,19822365,24506.56218,24.50656218,9372.328416,0.382441582,31.10349008,0.082503935,53.34934535,4.74E-06,0.435336306,471649997.6,5.19E+12,-37253904297,318214408.6,27243674.69,-24190.69366,366612.7446,786312.0769,267994,-654435.1846,4304.078237,1973.486074,-1.720668455,38652,38652,2063.441594,24.23076923,8401820.385,-296242.5679,1.37E+14,480585455.6,0.931883295,5.793063061,403.9429788,32103.16836,0.889757263,0.000254916,12533.79816,0.000242181,11735.21087,0.001213725,65404.11491,2258497.049,1438716.117,1.56980034,2.493535937,-86.83502075
1,28056,208,112607122,222366.1523,159,56.7077274,58,209,22.17134957,63.34824386,28.24693382,-0.248674491,0.402798656,797.8892702,8115292,16388.23699,16.38823699,8437.50011,0.514850994,22.30906856,0.050567964,70.35801838,9.53E-06,0.369792833,300064111.6,5.69E+11,-4409864323,63704971.46,28907207.38,-19178.55787,212058.8952,669918.9231,96290.84615,-389212.8907,2220.584385,934.9362273,-1.792355847,25006.84615,25006.84615,961.979214,14.46153846,5433974.154,-178216.5735,3.89E+13,311382107.9,0.912765637,8.790724935,260.0820335,21117.2725,0.919405694,0.000378285,12412.90925,0.000340149,11392.9821,0.004188151,101067.8986,1911259.875,944502.4165,2.023562716,2.39268837,-83.79057973
1,9055,175,31731185,58346.57404,143,53.3158476,55,193,20.52589522,59.19459435,25.72338664,-0.31323636,0.271227103,661.6926202,917745,13134.63556,13.13463556,5784.51227,0.440401429,22.99668624,0.100806419,49.89742348,1.02E-05,0.465403233,81982646.92,2.28E+12,15353309804,110347789.8,4536818.462,9670.461605,58279.94859,146956.4615,17844.15385,-99343.39003,932.2161573,433.7254601,-1.853647773,7930.923077,7930.923077,455.9740789,8.538461538,1583913.846,-43286.86085,9.67E+11,83840750.78,0.919586661,3.926353484,92.95595879,6945.571931,0.9255405,0.000608238,10563.75218,0.000578529,9720.15657,0.001224519,40270.63365,977408.132,709440.0336,1.377717757,2.090813816,-69.1678442
1,9216,205,90685976,56728.11038,201,93.98763021,95,248,25.41092851,99.19677414,31.72354847,-0.118443779,-0.033642772,1006.383528,759434,5695.3125,5.6953125,3098.583984,0.544058642,15.11821235,0.123309823,36.94123091,2.90E-05,0.497736197,100493511.8,5.77E+12,31346931010,181217820.5,10030188.54,26095.74766,55278.91496,225059.9231,13887.46154,-97087.20634,703.8522623,295.6366744,-1.906063335,8110.384615,8110.384615,307.0400998,6.538461538,1778355.769,-42782.36947,9.33E+11,105165293.6,0.931742447,3.819536591,76.30202645,7376.440335,0.938484909,0.000312494,12684.08176,0.000284617,12033.64208,0.002699841,37149.73369,785723.1812,535600.3876,1.466995169,2.09612641,-70.96532431
1,18837,224,79878322,134635.905,209,56.42819982,57,259,25.60243677,65.11528238,32.50168477,-0.126102008,0.26234675,1056.359513,3161161,14733.03661,14.73303661,7166.953548,0.486454608,22.36115705,0.066685765,54.4074404,1.00E-05,0.40551885,207258410.5,2.12E+12,15104675746,127413687.6,16694234.54,-12973.69475,135057.191,410621.9231,44919.46154,-235866.4848,1624.172674,706.0523204,-1.839033026,16817.92308,16817.92308,742.1843484,10.69230769,3654781.154,-104673.9294,7.14E+12,214381144.9,0.914661518,6.724628641,153.9622195,14370.28835,0.928475464,0.000716744,12621.21908,0.000635356,11683.79955,0.009068653,71298.6838,1432584.833,853302.2531,1.678871499,2.282368909,-76.5932282
1,39456,253,185862009,318593.4245,243,58.65878447,59,293,28.20932519,68.62943975,35.6337142,-0.013775375,0.147765573,1269.761588,12512416,30404.29855,30.40429855,13873.45952,0.456299279,29.71006061,0.03915327,81.74850855,4.55E-06,0.339564811,452679371.8,4.05E+12,-26792564236,229542618.5,50900336.15,-37263.06076,309059.5425,1042468.308,128839.3077,-557216.0195,2910.733214,1198.705188,-1.805116582,35081.92308,35081.92308,1244.766674,14.84615385,7819862.769,-252750.3619,6.21E+13,473847445.7,0.928016506,12.1257979,288.714294,30979.49088,0.923706641,0.000587904,13325.52422,0.000525171,12523.30662,0.00910227,129382.3514,3353756.9,1834342.591,1.82831545,NA,NA
1,30569,230,214623058,241857.5512,197,77.89734699,78,244,24.68376306,83.78544026,30.86975012,-0.107261735,0.005301242,952.9414726,8560311,18060.78613,18.06078613,7008.632813,0.388058015,27.82314219,0.107158284,59.29086144,6.52E-06,0.47497992,448146262.8,7.13E+11,640550351.7,84274120.8,22826570.69,-19975.07152,248944.8404,627150.2308,111628.5385,-436379.172,2852.354468,1263.03916,-1.787214242,27974.84615,27974.84615,1310.010272,14.92307692,6964117.462,-195407.0834,4.38E+13,455882122.7,0.932507275,5.87912114,250.1675268,23853.37129,0.911338032,0.000151394,16016.42898,0.000141576,15144.13067,0.000865562,76355.79893,1875870.992,1409954.863,1.330447549,2.400169493,-83.51540199
1,20670,244,168505435,149023.8264,212,83.44610547,85,262,26.97038879,90.28842672,34.48073964,-0.379970164,0.522689133,1188.921406,3650200,12561.67189,12.56167189,6175.015865,0.491575956,21.05622231,0.075793686,48.75941336,1.19E-05,0.423198718,352097276.4,9.34E+12,53350774199,330859148.6,22614319.23,1628.410348,148212.7249,506742,47841.92308,-261468.3117,1624.442691,682.9395904,-1.846080916,18492.38462,18492.38462,717.2657493,10.38461538,5030070,-116649.5318,1.53E+13,361842428.9,0.924132677,5.163161527,161.5068276,16189.63513,0.931524692,0.000267585,19251.59919,0.000247199,17970.08595,0.000881294,86760.7959,1571502.603,1056256.719,1.487803651,2.30450517,-80.06529346
1,64952,263,404699981,572027.8146,241,70.57696453,71,291,27.75315518,78.93034904,35.35034377,-0.104145257,0.319275273,1249.646805,34629846,35803.03391,35.80303391,14901.0032,0.416193869,33.35809349,0.04381729,94.19452961,3.53E-06,0.352545495,935326874.4,1.65E+14,-6.48E+11,2704858470,68559434.08,-42436.04443,576851.2301,1562444.385,357680.5385,-1030719.744,5423.391655,2322.562239,-1.746715269,59233.30769,59233.30769,2430.625225,22,14589583.92,-468032.5678,3.52E+14,957146911,0.934482526,13.62867086,473.636914,50899.51028,0.909198035,0.000479503,16036.69763,0.000434232,15166.42716,0.003587841,184630.6726,4024278.341,2559790.694,1.572112263,NA,NA
1,14387,186,60232858,101356.99,163,59.00173768,59,213,21.12111402,64.69930448,26.55959142,-0.00061206,0.049758359,705.4118966,2219425,10115.85938,10.11585938,4809.9375,0.475484813,20.02941315,0.104001509,39.72719472,1.43E-05,0.470269212,117541040.2,5.65E+11,5263431639,57120232.96,14424043.69,-9506.092933,96149.71821,340481.8462,32259.92308,-175980.2656,1130.680279,474.8343845,-1.844109186,12771.61538,12771.61538,504.6453648,9.923076923,2433698.923,-80217.42414,4.45E+12,123855041,0.924841815,4.056162386,140.1622503,11195.99028,0.925461555,0.000279014,9756.638809,0.00025068,9051.250085,0.001124251,40234.75825,1159690.875,599381.7188,1.934811888,2.218395289,-75.84703966
1,60096,300,705702168,507078.6863,250,99.74221246,100,300,33.01095108,108.3605094,42.3604201,-0.107258255,0.457830163,1794.405191,25068854,37138.18359,37.13818359,16886.31592,0.454688794,31.83384635,0.032395819,79.6937038,3.72E-06,0.318783857,1285645506,1.01E+13,-51158093662,413753613.4,89402495.31,-42138.97717,495544.8092,1689609.308,229339.5385,-885208.9821,4247.787927,1736.897666,-1.791921968,53191.84615,53191.84615,1812.676576,16.53846154,16258275.46,-400845.2658,2.94E+14,1320734085,0.920568376,15.1817325,379.1403094,46627.58556,0.927107653,0.000250622,24596.31752,0.000220445,22939.33082,0.005990435,305000.2991,5122472.278,3726014.832,1.374785799,NA,NA
1,14887,152,28905152,109522.6543,111,37.98911802,39,161,17.55457047,44.05678154,22.32630836,-0.334881444,0.342045649,498.4640449,2883227,9199.882507,9.199882507,4559.490967,0.495603174,18.87686072,0.100987555,37.82161886,1.63E-05,0.465681822,105610503.2,79758379036,-267173419.3,17496848.55,8000792.231,-9168.372338,107638.8759,258602.0769,47954.69231,-193704.9897,1498.706455,683.0103928,-1.793295063,13369.46154,13369.46154,709.6121549,12.69230769,2350929,-87409.34068,6.15E+12,108253820.5,0.921407335,4.248894421,172.2049235,11248.19183,0.906774625,0.000479987,8091.055137,0.000396301,7539.987493,0.004221012,27441.80107,760135.144,361491.6687,2.102773618,2.223012365,-75.19961187
1,76721,277,431053241,701517.436,250,67.30896365,67,300,26.00313485,74.95331881,32.98416618,0.101266802,0.40243952,1087.955219,51378619,47412.117,47.412117,14633.56934,0.308646191,44.71098435,0.081129773,80.32788793,1.98E-06,0.432905815,1046127029,5.31E+14,-1.71E+12,5711055403,77537791.31,-42070.28715,715616.1871,1843259.615,536124,-1291625.268,6528.388092,2777.528561,-1.721515221,71295.07692,71295.07692,2892.445341,25.15384615,16967467.31,-590065.1792,6.28E+14,1069182014,0.931766847,12.32040894,584.6364145,59026.40139,0.896514143,0.000215868,15157.06913,0.000200932,14214.02938,0.002987523,162987.2891,5044736.536,3215629.921,1.568817513,NA,NA
1,20191,231,94972330,144426.8941,211,59.21410529,59,261,27.55578857,68.57842226,34.60326481,-0.050245749,0.061684905,1197.385935,3357895,12477.6535,12.4776535,6340.704346,0.508164804,20.54942383,0.069072584,58.84327079,1.24E-05,0.410300364,232312640.2,2.39E+12,16623118161,136944011.4,26435563.38,-16404.99468,141822.9989,544268.9231,43118.30769,-253784.0463,1477.347725,607.2988506,-1.85843193,18072.76923,18072.76923,637.3817186,10,4030612.462,-113966.1826,8.95E+12,244166074.4,0.918511273,6.843190408,153.4031578,15632.73124,0.933732851,0.000612314,13381.51117,0.000496628,12474.34142,0.009047367,77218.73339,1517477.783,756212.1735,2.006682564,2.288719577,-77.03723336
1,51879,247,152472416,448504.3436,234,44.02378612,44,284,24.87508849,54.21254467,31.63711318,0.173483511,0.458099518,1000.906931,24605791,32776.68574,32.77668574,10727.82851,0.327300588,38.01738308,0.098411756,62.6530541,3.03E-06,0.461688432,466981779.6,1.21E+14,-4.99E+11,2166644362,46277640.38,-37926.86158,467183.0346,1171715.615,294446.1538,-835454.8355,4736.582878,2060.051015,-1.742315893,48705.84615,48705.84615,2171.625541,21.46153846,9289292.692,-379108.2938,1.44E+14,482733789.1,0.941641036,6.104051088,413.9282674,40599.44776,0.89333019,0.00059539,10138.05228,0.000562125,9595.745115,0.00298398,58112.81852,3020991.956,1516316.111,1.992323325,2.548606066,-87.42919303
1,34474,223,141156673,280330.1616,190,56.56079944,57,240,23.64927433,63.98437309,29.92422944,-0.068254601,0.234555103,895.4595076,11410596,22504.27001,22.50427001,9905.636698,0.440166986,27.52760301,0.058929811,63.48049946,5.94E-06,0.389145204,375334524.1,3.02E+12,-22651767984,200736463.4,33938319.77,-26153.19784,275198.1131,813305.6154,130853.1538,-498567.246,2804.891161,1186.70008,-1.7827375,31143.30769,31143.30769,1248.879229,15.23076923,6744713.615,-226735.3161,5.81E+13,388088106.9,0.923101205,8.518131934,295.9026397,26441.15105,0.912471383,0.000323882,12510.81013,0.000306568,11612.07282,0.001943027,96947.43503,2447538.427,1292610.306,1.893485156,2.439518172,-84.40460347
1,49840,218,215101262,435744.7441,201,59.2317817,60,251,22.36087601,65.6886596,28.41534711,-0.243337867,0.38978316,807.4319514,25337436,42322.69142,42.32269142,14538.04615,0.343504764,40.08614682,0.065929655,72.54717224,2.46E-06,0.403980374,581499666.8,9.52E+13,-4.16E+11,1896942574,45605715.92,-26851.36552,433781.9344,1132806.231,295623.2308,-794580.1691,4354.379649,1883.215918,-1.733008736,45857.07692,45857.07692,1982.629839,21.92307692,10220248.08,-364678.972,2.34E+14,594478919.5,0.932262171,5.798594179,441.2338931,38117.64885,0.893866527,0.000275798,12963.44582,0.000234865,12210.92788,0.004281613,62462.56685,3945072.159,2539132.209,1.55370884,2.5401101,-89.57191769
1,9188,216,55277066,56590.21209,208,70.85546365,71,256,24.97015907,77.56287772,31.55514632,-0.061301276,0.225906114,995.727259,772274,7257.382719,7.257382719,3683.97455,0.507617511,17.1656667,0.119141362,48.06989746,2.12E-05,0.492063163,103539501.8,6.82E+12,35282267139,195521755.7,6000665.308,24958.05339,58716.51674,170346.3846,15886.84615,-98376.01433,885.7196513,401.5779541,-1.879554822,8141.615385,8141.615385,416.0535688,7.230769231,1795999.308,-42508.82736,8.82E+11,106226329.1,0.899080024,7.671097662,77.98551688,6810.219408,0.937761629,0.000463168,12643.06486,0.00038841,11653.12261,0.003265062,74138.14639,666638.5126,516877.6218,1.289741487,2.099206185,-68.59644689
1,36181,240,254264947,289242.3022,207,76.25165142,78,257,27.53508139,83.82720322,34.8319929,-0.329049919,0.306689797,1213.267729,10836327,22359.16901,22.35916901,10721.33789,0.479505204,25.94466496,0.045879296,64.97168291,6.51E-06,0.357991114,564999364.2,1.34E+12,-5385685993,115845078.1,37797609.62,-25363.4526,287406.6327,846200.6923,124595.3077,-510682.2894,3021.589288,1304.540742,-1.794990005,32402.07692,32402.07692,1356.476978,14.61538462,8420543.154,-229953.8651,6.65E+13,579167650,0.920220016,5.323612005,271.0688029,27730.77627,0.921371821,0.000570276,17368.14003,0.000522,16267.9226,0.002463453,69598.80671,NA,NA,NA,NA,NA